INSERT INTO Customer (FirstName, LastName, Age, Gender, Email, Phone)
VALUES
  ('John', 'Doe', 30, 'Male', 'john.doe@email.com', '1234567890'),
  ('Alice', 'Smith', 25, 'Female', 'alice.smith@email.com', '9876543210'),
  ('Robert', 'Johnson', 45, 'Male', 'robert.johnson@email.com', '5551234567'),
  ('Emily', 'Jones', 28, 'Female', 'emily.jones@email.com', '4567890123'),
  ('Michael', 'Brown', 35, 'Male', 'michael.brown@email.com', '7890123456'),
  ('Sophia', 'Davis', 22, 'Female', 'sophia.davis@email.com', '2345678901'),
  ('Daniel', 'Wilson', 40, 'Male', 'daniel.wilson@email.com', '8901234567'),
  ('Olivia', 'Taylor', 26, 'Female', 'olivia.taylor@email.com', '3456789012'),
  ('Ethan', 'Miller', 32, 'Male', 'ethan.miller@email.com', '9012345678'),
  ('Ava', 'Moore', 29, 'Female', 'ava.moore@email.com', '4567890123'),
  ('Noah', 'Anderson', 33, 'Male', 'noah.anderson@email.com', '9876543210'),
  ('Emma', 'Perez', 27, 'Female', 'emma.perez@email.com', '1234567890'),
  ('Liam', 'Garcia', 31, 'Male', 'liam.garcia@email.com', '2345678901'),
  ('Isabella', 'Rodriguez', 24, 'Female', 'isabella.rodriguez@email.com', '7890123456'),
  ('Mason', 'Martinez', 38, 'Male', 'mason.martinez@email.com', '4567890123'),
  ('Sophia', 'Hernandez', 23, 'Female', 'sophia.hernandez@email.com', '8901234567'),
  ('Alexander', 'Lopez', 29, 'Male', 'alexander.lopez@email.com', '3456789012'),
  ('Ava', 'Gomez', 26, 'Female', 'ava.gomez@email.com', '9012345678'),
  ('Daniel', 'Williams', 41, 'Male', 'daniel.williams@email.com', '2345678901'),
  ('Olivia', 'Smith', 28, 'Female', 'olivia.smith@email.com', '7890123456'),
  ('Lucas', 'Taylor', 34, 'Male', 'lucas.taylor@email.com', '4567890123'),
  ('Scarlett', 'Brown', 25, 'Female', 'scarlett.brown@email.com', '8901234567'),
  ('Logan', 'Davis', 37, 'Male', 'logan.davis@email.com', '3456789012'),
  ('Ava', 'Rodriguez', 30, 'Female', 'ava.rodriguez@email.com', '9012345678'),
  ('Elijah', 'Hernandez', 28, 'Male', 'elijah.hernandez@email.com', '2345678901'),
  ('Olivia', 'Lopez', 24, 'Female', 'olivia.lopez@email.com', '7890123456'),
  ('Henry', 'Garcia', 42, 'Male', 'henry.garcia@email.com', '4567890123'),
  ('Emma', 'Martinez', 27, 'Female', 'emma.martinez@email.com', '8901234567'),
  ('Noah', 'Moore', 32, 'Male', 'noah.moore@email.com', '3456789012'),
  ('Isabella', 'Jones', 29, 'Female', 'isabella.jones@email.com', '9012345678'),
  ('Mason', 'Anderson', 33, 'Male', 'mason.anderson@email.com', '2345678901'),
  ('Sophia', 'Perez', 26, 'Female', 'sophia.perez@email.com', '7890123456'),
  ('Logan', 'Garcia', 30, 'Male', 'logan.garcia@email.com', '4567890123'),
  ('Ava', 'Rodriguez', 23, 'Female', 'ava.rodriguez@email.com', '8901234567'),
  ('Elijah', 'Martinez', 39, 'Male', 'elijah.martinez@email.com', '3456789012'),
  ('Olivia', 'Hernandez', 22, 'Female', 'olivia.hernandez@email.com', '9012345678'),
  ('Liam', 'Lopez', 28, 'Male', 'liam.lopez@email.com', '2345678901'),
  ('Emma', 'Smith', 25, 'Female', 'emma.smith@email.com', '7890123456'),
  ('Ethan', 'Garcia', 31, 'Male', 'ethan.garcia@email.com', '4567890123'),
  ('Ava', 'Taylor', 26, 'Female', 'ava.taylor@email.com', '8901234567'),
  ('Mia', 'Williams', 28, 'Female', 'mia.williams@email.com', '2345678901'),
  ('Ethan', 'Smith', 35, 'Male', 'ethan.smith@email.com', '7890123456'),
  ('Ava', 'Garcia', 27, 'Female', 'ava.garcia@email.com', '4567890123'),
  ('Liam', 'Martinez', 32, 'Male', 'liam.martinez@email.com', '8901234567'),
  ('Olivia', 'Davis', 29, 'Female', 'olivia.davis@email.com', '3456789012')

  select *from Customer

    INSERT INTO Orderss ( Customer_ID, Order_date, amount_paid, Status)
VALUES
  ( 7, '2022-08-12', 10.47, 'Completed'),
  ( 15, '2023-04-25', NULL, 'Pending'),
  ( 42, '2022-11-18', 3.49, 'Pending'),
  ( 11, '2023-09-05', 14.97, 'Completed'),
  (32, '2022-12-30', NULL, 'Pending'),
  (10, '2023-06-08', 1399.98, 'Completed'),
  (18, '2023-01-14', NULL, 'Pending'),
  (29, '2022-09-20', 6.98, 'Pending'),
  (38, '2023-03-02', 5.97, 'Completed'),
  (23, '2022-11-11', 2.99, 'Completed'),
  (7, '2023-05-17', 12.99, 'Pending'),
  (15, '2022-10-03', 9.96, 'Pending'),
  (22, '2023-07-22', NULL, 'Pending'),
  (11, '2022-12-08', 7.99, 'Pending'),
  (2, '2023-02-14', 10.26, 'Completed'),
  (10, '2022-10-30', 12.99, 'Completed'),
  (18, '2023-04-05', 999.98, 'Pending'),
  (29, '2022-11-28', 54.95, 'Completed'),
  (8, '2023-01-01', 5.99, 'Completed'),
  (23, '2022-12-16', 39.96, 'Pending'),
  (41, '2023-09-03', 499.99, 'Completed'),
  (15, '2022-08-21', 29.98, 'Completed'),
  (22, '2023-03-12', 259.98, 'Pending'),
  (11, '2022-07-09', NULL, 'Pending'),
  (2, '2023-01-28', 11.98, 'Completed'),
  (10, '2022-09-14', 17.97, 'Pending'),
  (18, '2023-05-06', NULL, 'Pending'),
  (29, '2022-12-22', 65.8, 'Completed'),
  (44, '2023-08-09', 139.98, 'Pending'),
  (20, '2022-11-19', 499.99, 'Completed'),
  (7, '2022-10-10', 7.97, 'Completed'),
  (15, '2023-06-29', 1.99, 'Pending'),
  (22, '2022-12-04', 19.98, 'Completed'),
  (11, '2023-02-07', 29.98, 'Completed'),
  (2, '2022-11-01', 19.98, 'Pending'),
  (10, '2023-04-18', 24.99, 'Completed'),
  (18, '2022-09-13', 38.93, 'Completed'),
  (45, '2023-01-15', 19.99, 'Pending'),
  (10, '2022-08-02', 7.98, 'Completed'),
  (23, '2023-07-11', 24.97, 'Completed'),
  (35, '2022-12-10', 19.9, 'Pending'),
  (18, '2023-02-11', 19.99, 'Completed'),
  (29, '2022-08-12', 27.96, 'Pending'),
  (45, '2023-11-05', 5.99, 'Completed'),
  (23, '2022-06-14', 8.95, 'Completed');

  select * from Orderss

  INSERT INTO categories (category_name)
VALUES
  ('Groceries'),
  ('Fresh Produce'),
  ('Dairy and Eggs'),
  ('Bakery'),
  ('Meat and Seafood'),
  ('Canned Goods'),
  ('Beverages'),
  ('Snacks'),
  ('Frozen Foods'),
  ('Pantry and Dry Goods'),
  ('Health and Beauty'),
  ('Pharmacy'),
  ('Cleaning and Household'),
  ('Baby Care'),
  ('Toys and Games'),
  ('Electronics'),
  ('Home and Furniture'),
  ('Clothing and Accessories'),
  ('Shoes'),
  ('Sports and Outdoor');

  select * from categories

   

  INSERT INTO products (Product_name, Price, category_id)
VALUES
  ('Milk', 2.99, 303),
  ('Bread', 1.99, 304),
  ('Apples', 3.49, 302),
  ('Chicken Breast', 5.99, 305),
  ('Cereal', 4.29, 310),
  ('Toothpaste', 2.49, 311),
  ('Laundry Detergent', 8.99, 313),
  ('Diapers', 19.99, 314),
  ('Laptop', 699.99, 316),
  ('Smartphone', 499.99, 316),
  ('T-shirt', 12.99, 318),
  ('Running Shoes', 49.99, 319),
  ('Yogurt', 1.79, 303),
  ('Salmon Fillet', 9.99, 305),
  ('Potato Chips', 2.49, 308),
  ('Frozen Pizza', 5.99, 309),
  ('Shampoo', 3.99, 311),
  ('Paper Towels', 3.49, 313),
  ('Baby Wipes', 1.99, 314),
  ('LED TV', 399.99, 316),
  ('Jeans', 24.99, 318),
  ('Running Shorts', 14.99, 319),
  ('Bananas', 0.59, 302),
  ('Eggs', 1.99, 303),
  ('Orange Juice', 3.29, 307),
  ('Beef Patties', 7.99, 305),
  ('Pasta', 1.29, 310),
  ('Conditioner', 2.99, 311),
  ('Dish Soap', 1.99, 313),
  ('Baby Formula', 15.99, 314),
  ('Tablet', 199.99, 316),
  ('Sweater', 29.99, 318),
  ('Hiking Boots', 69.99, 319),
  ('Strawberries', 2.99, 302),
  ('Cheese', 4.99, 303),
  ('Peanut Butter', 3.49, 306),
  ('Ice Cream', 3.99, 309),
  ('Deodorant', 1.99, 311),
  ('Trash Bags', 6.99, 313),
  ('Baby Clothes Set', 12.99, 314),
  ('Smart Watch', 129.99, 316),
  ('Dress Shirt', 19.99, 318),
  ('Water Bottle', 7.99, 319),
  ('Grapes', 4.49, 302),
  ('Mozzarella Cheese', 3.99, 303);

  select *from products 

 
 INSERT INTO OrderDetails (Order_id, Product_id, Quantity, Subtotal)
VALUES
  ( 240, 415, 2, 4.98),
  (201, 403, 3, 10.47),
  (238, 408, 1, 19.99),
  (222, 422, 2, 29.98),
  (210, 401, 1, 2.99),
  (217, 410, 2, 999.98),
  (215, 405, 1, 4.29),
  (204, 435, 3, 14.97),
  (235, 414, 2, 19.98),
  (240, 442, 1, 19.99),
  (231, 438, 1, 1.99),
  (216, 411, 1, 12.99),
  (237, 407, 3, 26.97),
  (218, 426, 2, 15.98),
  (220, 414, 4, 39.96),
  (232, 424, 1, 1.99),
  (229, 433, 2, 139.98),
  (244, 416, 1, 5.99),
  (215, 419, 3, 5.97),
  (221, 410, 1, 499.99),
  (241, 429, 10, 19.9),
  (225, 404, 2, 11.98),
  (233, 414, 2, 19.98),
  (228, 425, 20, 65.8),
  (234, 422, 2, 29.98),
  (219, 416, 1, 5.99),
  (237, 434, 3, 8.97),
  (231, 401, 2, 5.98),
  (212, 415, 4, 9.96),
  (236, 421, 1, 24.99),
  (239, 417, 2, 7.98),
  (214, 443, 1, 7.99),
  (211, 440, 1, 12.99),
  (209, 402, 3, 5.97),
  (206, 409, 2, 1399.98 ),
  (230, 410, 1, 499.99),
  (243, 439, 4, 27.96),
  (208, 418, 2, 6.98),
  (242, 408, 1, 19.99),
  (226, 404, 3, 17.97),
  (237, 434, 1, 2.99),
  (223, 441, 2, 259.98),
  (245, 413, 5, 8.95),
  (218, 440, 3, 38.97),
  (203, 403, 1, 3.49);

   select * from OrderDetails

    INSERT INTO Payment ( Payment_date, Payment_method, Order_id, Customer_id, total_amount, tax_5percent)
VALUES
  ('2022-08-12', 'Ewallet', 201, 7, 10.47, 0.52),
  ('2023-04-25','Cash', 202, 15, NULL, NULL),
  ('2022-11-18','Credit Card', 203, 42, 3.49, 0.17),
  ('2023-09-05', 'Credit Card', 204, 11, 14.97, 0.75),
  ('2022-12-30', 'Cash', 205, 32, NULL, NULL),
  ('2023-06-08', 'Credit Card', 206, 10, 1399.98, 70),
  ('2023-01-14', 'Ewallet', 207, 18, NULL, NULL),
  ('2022-09-20', 'Cash', 208, 29, 6.98, 0.35),
  ('2023-03-02', 'Ewallet', 209, 38, 5.97, 0.30),
  ('2022-11-11', 'Credit Card', 210, 23, 2.99, 0.15),
  ('2023-05-17', 'Cash', 211, 7, 12.99, 0.65),
  ('2022-10-03', 'Credit Card', 212, 15, 9.96, 0.50),
  ('2023-07-22', 'Ewallet', 213, 22, NULL, NULL),
  ('2022-12-08', 'Credit Card', 214, 11, 7.99, 0.40),
  ('2023-02-14', 'Ewallet', 215, 2, 10.26, 0.51),
  ('2022-10-30', 'Cash', 216, 10, 12.99, 0.65),
  ('2023-04-05', 'Cash', 217, 18, 999.98, 50),
  ('2022-11-28', 'Cash', 218, 29, 54.95, 2.75),
  ('2023-01-01', 'Credit Card', 219, 8, 5.99, 0.30),
  ('2022-12-16', 'Credit Card', 220, 23, 39.96, 2),
  ('2023-09-03', 'Ewallet', 221, 41, 499.99, 25),
  ('2022-08-21', 'Ewallet', 222, 15, 29.98,1.50),
  ('2023-03-12', 'Credit Card', 223, 22, 259.98, 13),
  ('2022-07-09', 'Credit Card', 224, 11, NULL, NULL),
  ('2023-01-28', 'Cash', 225, 2, 11.98, 0.60),
  ('2022-09-14', 'Credit Card', 226, 10, 17.97, 0.90),
  ('2023-05-06', 'Cash', 227, 18, NULL, NULL),
  ('2022-12-22', 'Ewallet', 228, 29, 65.80, 3.29),
  ('2023-08-09', 'Credit Card', 229, 44, 139.98, 7),
  ('2022-11-19', 'Credit Card', 230, 20, 499.99, 25),
  ('2022-10-10','Ewallet', 231, 7, 7.97, 0.40),
  ('2023-06-29', 'Cash', 232, 15, 1.99, 0.10),
  ('2022-12-04', 'Credit Card', 233, 22, 19.98, 1),
  ('2023-02-07', 'Credit Card', 234, 11, 29.98, 1.50),
  ('2022-11-01','Ewallet', 235, 2, 19.98, 1),
  ('2023-04-18', 'Ewallet', 236, 10, 24.99, 1.25),
  ('2022-09-13', 'Ewallet', 237, 18, 38.93, 1.95),
  ('2023-01-15', 'Cash', 238, 45, 19.99, 1),
  ('2022-08-02', 'Credit Card', 239, 10, 7.98, 0.40 ),
  ('2023-07-11', 'Cash', 240, 23, 24.97, 1.25),
  ('2022-12-10', 'Credit Card', 241, 35, 19.90, 1),
  ('2023-02-11', 'Cash', 242, 18, 19.99, 1),
  ('2022-08-12', 'Ewallet', 243, 29, 27.96, 1.40),
  ('2023-11-05', 'Cash', 244, 45, 5.99, 0.30),
  ('2022-06-14', 'Ewallet', 245, 23, 8.95, 0.45);

   select * from Payment
